"0","#2.) "
"0","#b.) "
"0","ggplot(manufacturer_models, aes(x = reorder(manufacturers, models), y = models)) +"
"0","  geom_bar(stat = ""identity"", fill = ""skyblue"") +"
"0","  coord_flip() +  # Flip coordinates for easier reading"
"0","  labs(title = ""Number of Unique Models by Manufacturer"","
"0","       x = ""Manufacturer"","
"0","       y = ""Number of Unique Models"") +"
"0","  theme_minimal()"
"2","Warning in mean.default(X[[i]], ...) :"
"2","
 "
"2"," argument is not numeric or logical: returning NA
"
"2","Warning in mean.default(X[[i]], ...) :"
"2","
 "
"2"," argument is not numeric or logical: returning NA
"
"2","Warning in mean.default(X[[i]], ...) :"
"2","
 "
"2"," argument is not numeric or logical: returning NA
"
"2","Warning in mean.default(X[[i]], ...) :"
"2","
 "
"2"," argument is not numeric or logical: returning NA
"
"2","Warning in mean.default(X[[i]], ...) :"
"2","
 "
"2"," argument is not numeric or logical: returning NA
"
"2","Warning in mean.default(X[[i]], ...) :"
"2","
 "
"2"," argument is not numeric or logical: returning NA
"
"2","Warning in mean.default(X[[i]], ...) :"
"2","
 "
"2"," argument is not numeric or logical: returning NA
"
"2","Warning in mean.default(X[[i]], ...) :"
"2","
 "
"2"," argument is not numeric or logical: returning NA
"
"2","Warning in mean.default(X[[i]], ...) :"
"2","
 "
"2"," argument is not numeric or logical: returning NA
"
"2","Warning in mean.default(X[[i]], ...) :"
"2","
 "
"2"," argument is not numeric or logical: returning NA
"
"2","Warning in mean.default(X[[i]], ...) :"
"2","
 "
"2"," argument is not numeric or logical: returning NA
"
"2","Warning in mean.default(X[[i]], ...) :"
"2","
 "
"2"," argument is not numeric or logical: returning NA
"
"2","Warning in mean.default(X[[i]], ...) :"
"2","
 "
"2"," argument is not numeric or logical: returning NA
"
"2","Warning in mean.default(X[[i]], ...) :"
"2","
 "
"2"," argument is not numeric or logical: returning NA
"
"2","Warning in mean.default(X[[i]], ...) :"
"2","
 "
"2"," argument is not numeric or logical: returning NA
"
